{
    "adc": "adc.js",
    "assert": "assert.js",
    "dgram": "dgram\\src\\index.js",
    "dns": "dns\\src\\index.js",
    "gpio": "gpio.js",
    "http": "http\\src\\index.js",
    "i2c": "i2c.js",
    "net": "net\\src\\index.js",
    "pwm": "pwm.js",
    "querystring": "querystring.js",
    "ruff-app-runner": "ruff-app-runner.js",
    "ruff-driver-runner": "ruff-driver-runner.js",
    "ruff-driver": "ruff-driver.js",
    "ruff-mock": "ruff-mock.js",
    "stream": "stream\\src\\index.js",
    "test": "test.js",
    "trait": "trait.js",
    "uart": "uart.js",
    "url": "url.js"
}