{
    "models": [],
    "args": {
        "frequency": {
            "type": "number"
        }
    },
    "inputs": {
        "i2c": {
            "type": "i2c",
            "args": {
                "address": {
                    "type": "number",
                    "default": 85
                }
            }
        }
    },
    "outputs": {
        "pwm-0": {
            "type": "pwm"
        },
        "pwm-1": {
            "type": "pwm"
        },
        "pwm-2": {
            "type": "pwm"
        },
        "pwm-3": {
            "type": "pwm"
        },
        "pwm-4": {
            "type": "pwm"
        },
        "pwm-5": {
            "type": "pwm"
        },
        "pwm-6": {
            "type": "pwm"
        },
        "pwm-7": {
            "type": "pwm"
        }
    }
}